"ID_3","name","ID_1","displays","clicks","displays_bots","clicks_bots","srdisplays","hrdisplays","bsdisplays","srclicks","hrclicks","bsclicks","population","majority","bosniaks","croats","serbs","other","turnout","bosniaks.prop","croats.prop","serbs.prop","other.prop","srclicks.share","hrclicks.share","bsclicks.share","majorityshare","majorityclickshare"
64,"Velika Kladuša",2,3535,40,14,0,1196,1219,1120,10,17,13,40419,"bs",32561,636,146,7076,0.324179,0.80559,0.01574,0.00361,0.17507,0.25,0.425,0.325,0.80559,0.325
61,"Cazin",2,18845,150,624,0,6279,6263,6303,54,40,56,66149,"bs",63463,320,29,2337,0.34451,0.95939,0.00484,0.00044,0.03533,0.36,0.26667,0.37333,0.95939,0.37333
57,"Bihać",2,35379,201,13002,83,11763,11781,11835,67,65,69,56261,"bs",49550,3265,910,2536,0.403441,0.88072,0.05803,0.01617,0.04508,0.33333,0.32338,0.34328,0.88072,0.34328
58,"Bosanska Krupa",2,1201,21,109,0,391,428,382,8,9,4,25545,"bs",23578,66,1260,641,0.395459,0.923,0.00258,0.04932,0.02509,0.38095,0.42857,0.19048,0.923,0.19048
60,"Bužim",2,603,6,0,0,194,210,199,2,2,2,19340,"bs",19207,8,1,124,0.373009,0.99312,0.00041,5e-05,0.00641,0.33333,0.33333,0.33333,0.99312,0.33333
59,"Bosanski Petrovac",2,1407,10,0,0,466,455,486,3,2,5,7328,"sr",3179,26,3996,127,0.289574,0.43382,0.00355,0.54531,0.01733,0.3,0.2,0.5,0.54531,0.3
63,"Sanski Most",2,1864,35,0,0,595,625,644,10,15,10,41475,"bs",38344,722,1837,572,0.262592,0.92451,0.01741,0.04429,0.01379,0.28571,0.42857,0.28571,0.92451,0.28571
6,"Drvar",2,228,1,1,0,77,69,82,0,0,1,7036,"sr",11,552,6420,53,0.40975,0.00156,0.07845,0.91245,0.00753,0,0,1,0.91245,0
62,"Ključ",2,6621,64,0,0,2158,2184,2278,16,26,22,16744,"bs",16130,30,273,311,0.334926,0.96333,0.00179,0.0163,0.01857,0.25,0.40625,0.34375,0.96333,0.34375
5,"Bosansko Grahovo",2,208,1,0,0,61,83,64,0,0,1,2449,"sr",6,393,2028,22,0.274806,0.00245,0.16047,0.82809,0.00898,0,0,1,0.82809,0
7,"Glamoč",2,2036,1,1,0,661,694,681,0,0,1,3860,"sr",1251,906,1679,24,0.363472,0.32409,0.23472,0.43497,0.00622,0,0,1,0.43497,0
9,"Livno",2,2792,13,172,2,902,926,964,7,4,2,34133,"hr",4047,29273,438,375,0.349574,0.11857,0.85762,0.01283,0.01099,0.53846,0.30769,0.15385,0.85762,0.30769
8,"Kupres (FBIH)",2,251,2,0,0,83,77,91,1,0,1,5057,"hr",255,4474,318,10,0.259047,0.05043,0.88471,0.06288,0.00198,0.5,0,0.5,0.88471,0
10,"Tomislavgrad",2,3109,14,0,0,1067,1018,1024,5,6,3,31592,"hr",2467,29006,22,97,0.247626,0.07809,0.91814,7e-04,0.00307,0.35714,0.42857,0.21429,0.91814,0.42857
29,"Prozor - Rama",2,604,10,0,0,176,213,215,3,1,6,14280,"hr",3525,10702,3,50,0.404902,0.24685,0.74944,0.00021,0.0035,0.3,0.1,0.6,0.74944,0.1
25,"Jablanica",2,2920,8,11,0,996,957,967,3,3,2,10111,"bs",9045,726,63,277,0.512214,0.89457,0.0718,0.00623,0.0274,0.375,0.375,0.25,0.89457,0.25
26,"Konjic",2,1669,19,1,0,559,572,538,4,7,8,25148,"bs",22486,1553,355,754,0.51189,0.89415,0.06175,0.01412,0.02998,0.21053,0.36842,0.42105,0.89415,0.42105
68,"Posušje",2,625,4,0,0,236,183,206,2,1,1,20477,"hr",2,20424,5,46,0.28134,1e-04,0.99741,0.00024,0.00225,0.5,0.25,0.25,0.99741,0.25
66,"Grude",2,1148,5,0,0,395,368,385,1,0,4,17308,"hr",3,17216,10,79,0.310781,0.00017,0.99468,0.00058,0.00456,0.2,0,0.8,0.99468,0
65,"Široki Brijeg",2,5214,36,192,0,1732,1701,1781,12,12,12,28929,"hr",6,28814,45,64,0.443603,0.00021,0.99602,0.00156,0.00221,0.33333,0.33333,0.33333,0.99602,0.33333
67,"Ljubuški",2,3250,28,450,2,1078,1123,1049,8,10,10,28184,"hr",707,27271,41,165,0.31603,0.02509,0.96761,0.00145,0.00585,0.28571,0.35714,0.35714,0.96761,0.35714
24,"Čitluk",2,6382,28,65,1,2143,2047,2192,8,11,9,18140,"hr",29,17900,18,193,0.365436,0.0016,0.98677,0.00099,0.01064,0.28571,0.39286,0.32143,0.98677,0.39286
23,"Čapljina",2,3523,59,0,0,1123,1189,1211,26,17,16,26157,"hr",4541,20538,714,364,0.37554,0.17361,0.78518,0.0273,0.01392,0.44068,0.28814,0.27119,0.78518,0.28814
28,"Neum",2,605,8,467,5,218,184,203,2,2,4,4653,"hr",63,4543,21,26,0.298087,0.01354,0.97636,0.00451,0.00559,0.25,0.25,0.5,0.97636,0.25
31,"Stolac",2,766,16,199,2,257,240,269,5,4,7,14502,"hr",5544,8486,279,193,0.475796,0.38229,0.58516,0.01924,0.01331,0.3125,0.25,0.4375,0.58516,0.25
30,"Ravno",2,0,0,0,0,0,0,0,0,0,0,3219,"hr",20,2633,558,8,0.17987,0.00621,0.81796,0.17335,0.00249,NA,NA,NA,0.81796,NA
27,"Grad Mostar",2,68981,481,28874,137,23006,22767,23208,174,157,150,105797,"hr",46752,51216,4421,3408,0.440513,0.4419,0.4841,0.04179,0.03221,0.36175,0.3264,0.31185,0.4841,0.3264
38,"Ilijaš",2,3142,41,0,0,994,1097,1051,17,14,10,19603,"bs",18151,382,421,649,0.490792,0.92593,0.01949,0.02148,0.03311,0.41463,0.34146,0.2439,0.92593,0.2439
36,"Hadžići",2,2764,23,0,0,924,919,921,11,7,5,23891,"bs",22120,179,218,1374,0.498849,0.92587,0.00749,0.00912,0.05751,0.47826,0.30435,0.21739,0.92587,0.21739
37,"Ilidža",2,29514,302,270,2,9916,9870,9728,108,104,90,66730,"bs",58120,3030,1600,3980,0.450022,0.87097,0.04541,0.02398,0.05964,0.35762,0.34437,0.29801,0.87097,0.29801
39,"Novi Grad Sarajevo",2,46102,276,5,1,15361,15263,15478,83,102,91,118553,"bs",99773,4947,4367,9466,0.477221,0.84159,0.04173,0.03684,0.07985,0.30072,0.36957,0.32971,0.84159,0.32971
43,"Vogošća",2,4396,41,0,0,1500,1442,1454,11,12,18,26343,"bs",24351,321,542,1129,0.508067,0.92438,0.01219,0.02057,0.04286,0.26829,0.29268,0.43902,0.92438,0.43902
35,"Centar Sarajevo",2,25472,129,38003,281,8553,8428,8490,42,45,42,55181,"bs",41702,3333,2186,7960,0.551385,0.75573,0.0604,0.03962,0.14425,0.32558,0.34884,0.32558,0.75573,0.32558
41,"Stari Grad Sarajevo",2,18886,89,1,0,6279,6266,6341,25,34,30,36976,"bs",32794,685,467,3030,0.538025,0.8869,0.01853,0.01263,0.08195,0.2809,0.38202,0.33708,0.8869,0.33708
40,"Novo Sarajevo",2,65944,473,50169,305,21957,21975,22011,158,156,159,64814,"bs",48188,4639,3402,8585,0.528188,0.74348,0.07157,0.05249,0.13246,0.33404,0.32981,0.33615,0.74348,0.33615
42,"Trnovo (FBIH)",2,38,3,0,0,9,8,21,1,1,1,1502,"bs",1376,4,97,25,1.11984,0.91611,0.00266,0.06458,0.01664,0.33333,0.33333,0.33333,0.91611,0.33333
4,"Pale (FBIH)",2,7,0,0,0,2,1,4,0,0,0,904,"bs",859,1,33,11,0.493363,0.95022,0.00111,0.0365,0.01217,NA,NA,NA,0.95022,NA
2,"Foča (FBIH)",2,6,0,0,0,1,2,3,0,0,0,1933,"bs",1762,0,145,26,0.490947,0.91154,0,0.07501,0.01345,NA,NA,NA,0.91154,NA
3,"Goražde",2,8879,16,681,3,2969,2942,2968,5,7,4,20897,"bs",19692,23,707,475,0.516629,0.94234,0.0011,0.03383,0.02273,0.3125,0.4375,0.25,0.94234,0.25
71,"Doboj Jug",2,5271,11,0,0,1805,1733,1733,2,6,3,4137,"bs",4017,24,9,87,0.557167,0.97099,0.0058,0.00218,0.02103,0.18182,0.54545,0.27273,0.97099,0.27273
75,"Tešanj",2,6752,42,19984,89,2230,2264,2258,10,14,18,43063,"bs",40461,1462,226,914,2.797213,0.93958,0.03395,0.00525,0.02122,0.2381,0.33333,0.42857,0.93958,0.42857
73,"Maglaj",2,787,9,66,0,279,253,255,0,4,5,23146,"bs",19810,2041,810,485,0.388058,0.85587,0.08818,0.035,0.02095,0,0.44444,0.55556,0.85587,0.55556
17,"Jajce",2,4746,54,240,4,1578,1605,1563,17,20,17,27258,"bs",13269,12555,501,933,0.357693,0.48679,0.4606,0.01838,0.03423,0.31481,0.37037,0.31481,0.48679,0.31481
13,"Dobretići",2,0,0,0,0,0,0,0,0,0,0,1629,"hr",0,1626,1,2,0.192756,0,0.99816,0.00061,0.00123,NA,NA,NA,0.99816,NA
69,"Žepče",2,1421,9,1686,6,472,493,456,1,4,4,30219,"hr",11727,17801,501,190,0.369039,0.38807,0.58907,0.01658,0.00629,0.11111,0.44444,0.44444,0.58907,0.44444
78,"Zavidovići",2,5873,47,29921,128,1925,1954,1994,16,18,13,35988,"bs",32735,1204,573,1476,0.461293,0.90961,0.03346,0.01592,0.04101,0.34043,0.38298,0.2766,0.90961,0.2766
14,"Donji Vakuf",2,450,4,0,0,143,154,153,0,1,3,13985,"bs",13376,58,107,444,0.431033,0.95645,0.00415,0.00765,0.03175,0,0.25,0.75,0.95645,0.75
21,"Travnik",2,4179,56,989,3,1416,1359,1403,14,19,23,53482,"bs",35648,15102,640,2092,0.403463,0.66654,0.28238,0.01197,0.03912,0.25,0.33929,0.41071,0.66654,0.41071
79,"Zenica",2,35195,263,17791,147,11682,11538,11975,97,86,80,110663,"bs",92988,8279,2409,6987,0.451849,0.84028,0.07481,0.02177,0.06314,0.36882,0.327,0.30418,0.84028,0.30418
72,"Kakanj",2,5540,31,4,1,1811,1891,1838,12,12,7,37441,"bs",32341,2973,281,1846,0.477311,0.86379,0.0794,0.00751,0.0493,0.3871,0.3871,0.22581,0.86379,0.22581
76,"Vareš",2,4950,22,0,0,1616,1654,1680,6,8,8,8892,"bs",5447,2820,189,436,0.477508,0.61257,0.31714,0.02126,0.04903,0.27273,0.36364,0.36364,0.61257,0.36364
74,"Olovo",2,266,1,66,0,88,86,92,0,1,0,10175,"bs",9701,230,77,167,0.513808,0.95342,0.0226,0.00757,0.01641,0,1,0,0.95342,0
11,"Bugojno",2,1661,21,731,7,514,585,562,7,8,6,31470,"bs",24650,5767,376,677,0.458405,0.78329,0.18325,0.01195,0.02151,0.33333,0.38095,0.28571,0.78329,0.28571
16,"Gornji Vakuf - Uskoplje",2,1025,41,385,0,341,317,367,11,11,19,20933,"bs",12004,8660,30,239,0.431567,0.57345,0.4137,0.00143,0.01142,0.26829,0.26829,0.46341,0.57345,0.46341
20,"Novi Travnik",2,4369,46,23,0,1442,1486,1441,16,12,18,23832,"bs",12067,11002,367,396,0.416667,0.50634,0.46165,0.0154,0.01662,0.34783,0.26087,0.3913,0.50634,0.3913
22,"Vitez",2,32601,384,14,1,10813,10970,10817,128,127,129,25836,"hr",10513,14350,333,640,0.460946,0.40691,0.55543,0.01289,0.02477,0.33333,0.33073,0.33594,0.55543,0.33073
12,"Busovača",2,994,12,0,0,349,312,333,3,6,3,17910,"hr",8681,8873,205,151,0.431435,0.4847,0.49542,0.01145,0.00843,0.25,0.5,0.25,0.49542,0.5
15,"Fojnica",2,332,5,0,0,115,103,114,2,1,2,12356,"bs",7592,3664,48,1052,0.462609,0.61444,0.29654,0.00388,0.08514,0.4,0.2,0.4,0.61444,0.4
18,"Kiseljak",2,10053,72,19902,107,3349,3390,3314,26,24,22,20722,"hr",7838,11823,409,652,0.382299,0.37825,0.57055,0.01974,0.03146,0.36111,0.33333,0.30556,0.57055,0.33333
77,"Visoko",2,5428,36,796,5,1878,1771,1779,9,14,13,39938,"bs",36697,576,286,2379,0.474235,0.91885,0.01442,0.00716,0.05957,0.25,0.38889,0.36111,0.91885,0.36111
70,"Breza",2,2211,37,1,0,758,720,733,17,9,11,14168,"bs",13154,314,121,579,0.454969,0.92843,0.02216,0.00854,0.04087,0.45946,0.24324,0.2973,0.92843,0.2973
19,"Kreševo",2,506,6,0,0,171,161,174,3,0,3,5273,"hr",1014,4149,26,84,0.421202,0.1923,0.78684,0.00493,0.01593,0.5,0,0.5,0.78684,0
75,"Usora",2,6752,42,19984,89,2230,2264,2258,10,14,18,43063,"bs",40461,1462,226,914,2.797213,0.93958,0.03395,0.00525,0.02122,0.2381,0.33333,0.42857,0.93958,0.42857
33,"Odžak",2,2474,15,0,0,820,859,795,3,7,5,18821,"hr",6220,11621,582,398,0.298231,0.33048,0.61745,0.03092,0.02115,0.2,0.46667,0.33333,0.61745,0.46667
32,"Domaljevac - Šamac",2,308,0,0,0,89,111,108,0,0,0,4771,"hr",17,4634,92,28,0.285475,0.00356,0.97128,0.01928,0.00587,NA,NA,NA,0.97128,NA
34,"Orašje",2,2442,25,8,0,825,798,819,9,9,7,19861,"hr",2015,17345,157,344,0.355269,0.10146,0.87332,0.0079,0.01732,0.36,0.36,0.28,0.87332,0.36
49,"Gradačac",2,2272,30,3,0,733,791,748,8,16,6,39340,"bs",37130,918,345,947,0.450305,0.94382,0.02334,0.00877,0.02407,0.26667,0.53333,0.2,0.94382,0.2
1,"Brčko Distrikt Bih (OPCIJA Fbih)",1,8629,93,48,2,2852,2876,2901,33,35,25,83516,"bs",35381,17252,28884,1999,0.126251,0.42364,0.20657,0.34585,0.02394,0.35484,0.37634,0.26882,0.42364,0.26882
47,"Doboj Istok",2,242,1,0,0,78,83,81,0,1,0,10248,"bs",9830,18,12,388,0.531909,0.95921,0.00176,0.00117,0.03786,0,1,0,0.95921,0
48,"Gračanica",2,1598,22,241,2,524,527,547,9,4,9,45220,"bs",43857,72,157,1134,0.462428,0.96986,0.00159,0.00347,0.02508,0.40909,0.18182,0.40909,0.96986,0.40909
52,"Lukavac",2,4577,36,699,3,1474,1533,1570,14,11,11,44520,"bs",38561,1524,1499,2936,0.461388,0.86615,0.03423,0.03367,0.06595,0.38889,0.30556,0.30556,0.86615,0.30556
54,"Srebrenik",2,16705,190,36,1,5551,5580,5574,61,64,65,39678,"bs",35951,1968,394,1365,0.439639,0.90607,0.0496,0.00993,0.0344,0.32105,0.33684,0.34211,0.90607,0.34211
56,"Tuzla",2,32678,287,77775,254,10940,10934,10804,105,99,83,110979,"bs",80774,15396,3378,11431,0.433875,0.72783,0.13873,0.03044,0.103,0.36585,0.34495,0.2892,0.72783,0.2892
45,"Čelić",2,5823,11,5,0,1987,1905,1931,4,4,3,10502,"bs",9341,843,192,126,0.420491,0.88945,0.08027,0.01828,0.012,0.36364,0.36364,0.27273,0.88945,0.27273
55,"Teočak",2,55,1,0,0,14,22,19,0,0,1,7424,"bs",7398,5,7,14,0.401131,0.9965,0.00067,0.00094,0.00189,0,0,1,0.9965,1
46,"Banovići",2,1093,10,0,0,345,364,384,3,2,5,22773,"bs",21374,284,237,878,0.67883,0.93857,0.01247,0.01041,0.03855,0.3,0.2,0.5,0.93857,0.5
44,"Živinice",2,3467,50,229,1,1178,1155,1134,14,15,21,57765,"bs",53089,2508,242,1926,0.456678,0.91905,0.04342,0.00419,0.03334,0.28,0.3,0.42,0.91905,0.42
50,"Kalesija",2,2790,51,1,0,922,927,941,14,20,17,33053,"bs",32227,20,254,552,0.43285,0.97501,0.00061,0.00768,0.0167,0.27451,0.39216,0.33333,0.97501,0.33333
53,"Sapna",2,4871,68,0,0,1572,1675,1624,24,31,13,11178,"bs",10827,3,234,114,0.460995,0.9686,0.00027,0.02093,0.0102,0.35294,0.45588,0.19118,0.9686,0.19118
51,"Kladanj",2,3353,52,1,0,1109,1131,1113,15,15,22,12348,"bs",11997,33,107,211,0.486718,0.97157,0.00267,0.00867,0.01709,0.28846,0.28846,0.42308,0.97157,0.42308
89,"Krupa Na Uni",3,24,0,0,0,8,10,6,0,0,0,1597,"sr",3,2,1592,0,0.547276,0.00188,0.00125,0.99687,0,NA,NA,NA,0.99687,NA
93,"Novi Grad",3,428,9,6,0,140,150,138,3,2,4,27115,"sr",6439,181,20116,379,0.567361,0.23747,0.00668,0.74188,0.01398,0.33333,0.22222,0.44444,0.74188,0.33333
85,"Kozarska Dubica",3,587,10,21,2,218,178,191,2,2,6,21524,"sr",2168,273,18670,413,0.534009,0.10072,0.01268,0.8674,0.01919,0.2,0.2,0.6,0.8674,0.2
96,"Prijedor",3,4906,45,2360,10,1600,1687,1619,12,21,12,89397,"sr",29034,1762,55895,2706,0.414007,0.32478,0.01971,0.62524,0.03027,0.26667,0.46667,0.26667,0.62524,0.26667
83,"Gradiška",3,3986,40,23,0,1350,1342,1294,17,16,7,51727,"sr",7580,826,41863,1458,0.521314,0.14654,0.01597,0.80931,0.02819,0.425,0.4,0.175,0.80931,0.425
91,"Laktaši",3,3688,34,7,0,1212,1253,1222,10,9,15,34966,"sr",112,521,33462,871,0.52328,0.0032,0.0149,0.95699,0.02491,0.29412,0.26471,0.44118,0.95699,0.29412
100,"Srbac",3,369,7,0,0,120,124,125,2,5,0,17587,"sr",417,131,16630,409,0.596008,0.02371,0.00745,0.94558,0.02326,0.28571,0.71429,0,0.94558,0.28571
97,"Prnjavor",3,2817,31,0,0,932,957,928,11,6,14,35956,"sr",2979,451,30673,1853,0.45603,0.08285,0.01254,0.85307,0.05154,0.35484,0.19355,0.45161,0.85307,0.35484
95,"Petrovac",3,0,0,0,0,0,0,0,0,0,0,361,"sr",0,0,358,3,1.376731,0,0,0.99169,0.00831,NA,NA,NA,0.99169,NA
94,"Oštra Luka",3,10,0,0,0,4,0,6,0,0,0,2786,"sr",23,160,2580,23,0.574659,0.00826,0.05743,0.92606,0.00826,NA,NA,NA,0.92606,NA
82,"Banja Luka",3,64942,395,4753,3,21511,21681,21750,121,129,145,185042,"sr",7681,5104,165750,6507,0.512824,0.04151,0.02758,0.89574,0.03516,0.30633,0.32658,0.36709,0.89574,0.30633
81,"Čelinac",3,511,8,0,0,150,179,182,4,3,1,15548,"sr",453,49,14874,172,0.520774,0.02914,0.00315,0.95665,0.01106,0.5,0.375,0.125,0.95665,0.5
86,"Istočni Drvar",3,0,0,0,0,0,0,0,0,0,0,79,"sr",0,1,78,0,1,0,0.01266,0.98734,0,NA,NA,NA,0.98734,NA
98,"Ribnik",3,29,1,0,0,7,12,10,0,1,0,6048,"sr",0,11,6018,19,0.618056,0,0.00182,0.99504,0.00314,0,1,0,0.99504,0
92,"Mrkonjić Grad",3,1497,36,44,0,494,498,505,9,12,15,16671,"sr",375,159,16050,87,0.548917,0.02249,0.00954,0.96275,0.00522,0.25,0.33333,0.41667,0.96275,0.25
87,"Jezero",3,3,0,0,0,0,0,3,0,0,0,1144,"sr",287,11,841,5,0.462413,0.25087,0.00962,0.73514,0.00437,NA,NA,NA,0.73514,NA
99,"Kneževo",3,80,3,0,0,26,27,27,1,1,1,9793,"sr",429,31,9288,45,0.537016,0.04381,0.00317,0.94843,0.0046,0.33333,0.33333,0.33333,0.94843,0.33333
88,"Kotor Varoš",3,1396,16,0,0,490,431,475,4,6,6,19710,"sr",5234,1116,13091,269,0.4621,0.26555,0.05662,0.66418,0.01365,0.25,0.375,0.375,0.66418,0.25
80,"Šipovo",3,260,1,68,0,85,92,83,0,1,0,10293,"sr",628,26,9576,63,0.577771,0.06101,0.00253,0.93034,0.00612,0,1,0,0.93034,0
90,"Kupres (RS)",3,0,0,0,0,0,0,0,0,0,0,300,"sr",0,0,299,1,0.59,0,0,0.99667,0.00333,NA,NA,NA,0.99667,NA
84,"Kostajnica",3,1045,8,0,0,340,352,353,2,1,5,5977,"sr",1460,86,4315,116,0.431655,0.24427,0.01439,0.72193,0.01941,0.25,0.125,0.625,0.72193,0.25
107,"Derventa",3,8515,46,48,1,2733,2871,2911,14,15,17,27404,"sr",1895,2573,22349,587,0.429645,0.06915,0.09389,0.81554,0.02142,0.30435,0.32609,0.36957,0.81554,0.30435
106,"Brod",3,573,2,0,0,179,187,207,0,0,2,16619,"sr",1509,3287,11477,346,0.340394,0.0908,0.19779,0.6906,0.02082,0,0,1,0.6906,0
113,"Vukosavlje",3,825,6,64,0,268,263,294,1,2,3,4667,"bs",2180,776,1516,195,0.354189,0.46711,0.16627,0.32483,0.04178,0.16667,0.33333,0.5,0.46711,0.5
105,"Šamac",3,4370,59,0,0,1434,1490,1446,16,23,20,17273,"sr",1265,2426,13256,326,0.429283,0.07324,0.14045,0.76744,0.01887,0.27119,0.38983,0.33898,0.76744,0.27119
109,"Donji Žabar",3,1832,9,0,0,599,598,635,2,6,1,3809,"sr",5,1029,2759,16,0.31163,0.00131,0.27015,0.72434,0.0042,0.22222,0.66667,0.11111,0.72434,0.22222
110,"Modriča",3,3284,33,1587,7,1114,1088,1082,16,12,5,25720,"sr",3101,1674,20227,718,0.491874,0.12057,0.06509,0.78643,0.02792,0.48485,0.36364,0.15152,0.78643,0.48485
111,"Pelagićevo",3,25416,130,24474,152,8212,8644,8560,41,47,42,5220,"sr",13,1850,3330,27,0.346743,0.00249,0.35441,0.63793,0.00517,0.31538,0.36154,0.32308,0.63793,0.31538
1,"Brčko Distrikt Bih (OPCIJA Rs)",1,8629,93,48,2,2852,2876,2901,33,35,25,83516,"bs",35381,17252,28884,1999,0.126251,0.42364,0.20657,0.34585,0.02394,0.35484,0.37634,0.26882,0.42364,0.26882
102,"Bijeljina",3,15582,139,491,0,5147,5248,5187,42,56,41,107715,"sr",13090,515,91784,2326,0.492104,0.12152,0.00478,0.8521,0.02159,0.30216,0.40288,0.29496,0.8521,0.30216
108,"Doboj",3,5695,83,359,2,1923,1929,1843,27,25,31,71441,"sr",15322,1845,52628,1646,0.515978,0.21447,0.02583,0.73666,0.02304,0.3253,0.3012,0.37349,0.73666,0.3253
112,"Petrovo",3,282,4,0,0,101,89,92,2,1,1,6474,"sr",7,36,6371,60,0.505252,0.00108,0.00556,0.98409,0.00927,0.5,0.25,0.25,0.98409,0.5
103,"Lopare",3,1341,16,5,0,435,453,453,6,6,4,15357,"sr",1371,50,13869,67,0.444032,0.08928,0.00326,0.90311,0.00436,0.375,0.375,0.25,0.90311,0.375
104,"Ugljevik",3,751,29,0,0,259,227,265,9,8,12,15710,"sr",2186,42,13412,70,0.607893,0.13915,0.00267,0.85372,0.00446,0.31034,0.27586,0.41379,0.85372,0.31034
101,"Teslić",3,1114,14,1,0,364,369,381,4,9,1,38536,"sr",7184,1442,29041,869,0.51012,0.18642,0.03742,0.75361,0.02255,0.28571,0.64286,0.07143,0.75361,0.28571
138,"Osmaci",3,592,2,0,0,202,190,200,1,0,1,6016,"sr",2895,9,3095,17,0.348404,0.48122,0.0015,0.51446,0.00283,0.5,0,0.5,0.51446,0.5
141,"Zvornik",3,3288,23,3,0,1054,1107,1127,6,7,10,58856,"sr",19855,106,38579,316,0.468992,0.33735,0.0018,0.65548,0.00537,0.26087,0.30435,0.43478,0.65548,0.26087
135,"Šekovići",3,5,0,0,0,2,2,1,0,0,0,6761,"sr",107,8,6618,28,0.622837,0.01583,0.00118,0.97885,0.00414,NA,NA,NA,0.97885,NA
140,"Vlasenica",3,302,0,0,0,105,93,104,0,0,0,11467,"sr",3763,31,7589,84,0.48705,0.32816,0.0027,0.66181,0.00733,NA,NA,NA,0.66181,NA
136,"Bratunac",3,561,3,0,0,173,191,197,1,1,1,20340,"sr",7803,33,12350,154,0.397296,0.38363,0.00162,0.60718,0.00757,0.33333,0.33333,0.33333,0.60718,0.33333
139,"Srebrenica",3,284,8,0,0,100,87,97,4,1,3,13409,"bs",7248,16,6028,117,0.394959,0.54053,0.00119,0.44955,0.00873,0.5,0.125,0.375,0.54053,0.375
126,"Sokolac",3,219,6,0,0,73,76,70,3,2,1,12021,"sr",671,29,11250,71,0.597538,0.05582,0.00241,0.93586,0.00591,0.5,0.33333,0.16667,0.93586,0.5
121,"Han Pijesak",3,652,2,0,0,210,230,212,1,1,0,3530,"sr",431,7,3068,24,0.596601,0.1221,0.00198,0.86912,0.0068,0.5,0.5,0,0.86912,0.5
122,"Istočna Ilidža",3,3682,61,0,0,1224,1199,1259,23,20,18,14763,"sr",648,156,13755,204,0.586669,0.04389,0.01057,0.93172,0.01382,0.37705,0.32787,0.29508,0.93172,0.37705
123,"Istočni Stari Grad",3,258,3,0,0,75,98,85,0,1,2,1131,"sr",43,7,1071,10,0.708223,0.03802,0.00619,0.94695,0.00884,0,0.33333,0.66667,0.94695,0
120,"Istočno Novo Sarajevo",3,11202,120,0,0,3597,3840,3765,36,41,43,10642,"sr",44,107,10248,243,0.582879,0.00413,0.01005,0.96298,0.02283,0.3,0.34167,0.35833,0.96298,0.3
127,"Trnovo (RS)",3,39,0,0,0,13,19,7,0,0,0,2050,"sr",837,15,1178,20,0.425854,0.40829,0.00732,0.57463,0.00976,NA,NA,NA,0.57463,NA
124,"Pale (RS)",3,2350,13,2,0,786,775,789,4,6,3,20909,"sr",186,128,20451,144,0.522215,0.0089,0.00612,0.9781,0.00689,0.30769,0.46154,0.23077,0.9781,0.30769
125,"Rogatica",3,22,1,1,0,8,6,8,1,0,0,10723,"sr",1117,19,9527,60,0.556188,0.10417,0.00177,0.88846,0.0056,1,0,0,0.88846,1
119,"Višegrad",3,113,0,0,0,40,37,36,0,0,0,10668,"sr",1043,33,9338,254,0.594113,0.09777,0.00309,0.87533,0.02381,NA,NA,NA,0.87533,NA
132,"Istočni Mostar",3,0,0,0,0,0,0,0,0,0,0,257,"sr",78,11,166,2,0.412451,0.3035,0.0428,0.64591,0.00778,NA,NA,NA,0.64591,NA
133,"Nevesinje",3,56,1,4,0,18,24,14,0,0,1,12961,"sr",533,28,12353,47,0.519713,0.04112,0.00216,0.95309,0.00363,0,0,1,0.95309,0
116,"Kalinovik",3,0,0,0,0,0,0,0,0,0,0,2029,"sr",57,8,1947,17,0.677181,0.02809,0.00394,0.95959,0.00838,NA,NA,NA,0.95959,NA
130,"Gacko",3,99,4,0,0,31,38,30,2,1,1,8990,"sr",369,15,8556,50,0.645495,0.04105,0.00167,0.95172,0.00556,0.5,0.25,0.25,0.95172,0.5
115,"Foča (RS)",3,1458,15,1,0,474,500,484,7,4,4,18288,"sr",1270,55,16739,224,0.561953,0.06944,0.00301,0.9153,0.01225,0.46667,0.26667,0.26667,0.9153,0.46667
117,"Novo Goražde",3,373,6,0,0,118,135,120,0,4,2,3117,"sr",1459,2,1618,38,0.345525,0.46808,0.00064,0.51909,0.01219,0,0.66667,0.33333,0.51909,0
114,"Čajniče",3,1,0,0,0,0,0,1,0,0,0,4895,"sr",884,6,3972,33,0.491931,0.18059,0.00123,0.81144,0.00674,NA,NA,NA,0.81144,NA
118,"Rudo",3,591,7,0,0,196,204,191,2,3,2,7963,"sr",677,9,7241,36,0.372222,0.08502,0.00113,0.90933,0.00452,0.28571,0.42857,0.28571,0.90933,0.28571
128,"Berkovići",3,5,0,0,0,1,3,1,0,0,0,2114,"sr",159,11,1942,2,0.504257,0.07521,0.0052,0.91864,0.00095,NA,NA,NA,0.91864,NA
131,"Ljubinje",3,41,0,0,0,18,11,12,0,0,0,3511,"sr",12,10,3469,20,0.563657,0.00342,0.00285,0.98804,0.0057,NA,NA,NA,0.98804,NA
129,"Bileća",3,685,6,0,0,225,241,219,1,3,2,10807,"sr",26,21,10646,114,0.610253,0.00241,0.00194,0.9851,0.01055,0.16667,0.5,0.33333,0.9851,0.16667
134,"Trebinje",3,12839,19,0,0,4285,4234,4320,6,5,8,29198,"sr",995,295,27287,621,0.555723,0.03408,0.0101,0.93455,0.02127,0.31579,0.26316,0.42105,0.93455,0.31579
137,"Milići",3,297,7,0,0,83,92,122,2,3,2,11441,"sr",4199,24,7180,38,0.404772,0.36701,0.0021,0.62757,0.00332,0.28571,0.42857,0.28571,0.62757,0.28571
